#META:{"version":1,"method":"GET","urlPattern":"https://sales-product-autoassign.apps.gmna.prd.cvca.atmosdt.gm.com/sales/product/autoassign/v1/vehicles/management/{{vin}}/onboarding/vehiclePurchaseOffers","headers":[{"key":"Accept-Language","value":"en-US"},{"key":"Content-Type","value":"application/json"}],"body":"","auth":{"type":"inherit"},"validationMode":"selective","unorderedArrays":true,"pathVariables":["vin"]}
name,path:vin,param:channel,param:enrollmentType,param:country,param:accountType,param:vehicleUsageCode,validate:$.offers[0].associatedOfferingCode,validate:$.offers[0].offerName,validate:$.offers[1].associatedOfferingCode,validate:$.offers[1].offerName,validate:$.offers[2].associatedOfferingCode,validate:$.offers[2].offerName,validate:$.offers[3].associatedOfferingCode,validate:$.offers[3].offerName,validate:$.offers[4].associatedOfferingCode,validate:$.offers[4].offerName,validate:$.offers[5].associatedOfferingCode,validate:$.offers[5].offerName
ONBOARD_AS_NEW-US-BN-1GKTENDEXTU601841,1GKTENDEXTU601841,WEB,ONBOARD_AS_NEW,US,BN,,ONSFCNCP36MUSUL,OnStar One - 3 Years,BAZFCNCP08YUCX,OnStar Basics - 8 Years,EVZFCNCP08YUCMX,EV Access - 8 Years,CAZFCNCP08YUCMX,Connected Access - 8 Years,,,,
ONBOARD_AS_USED-US-BN-1GKS2BKD7PR119642,1GKS2BKD7PR119642,WEB,ONBOARD_AS_USED,US,BN,,ONZRCNCP01MUSUL,OnStar One - Remarketing Trial - 1 Month,CAZRCNCP08YUCMX,Connected Access - 8 Years,,,,,,,,
ONBOARD_AS_USED-US-BN-2GCUDDED7P1104069,2GCUDDED7P1104069,ADVISOR,ONBOARD_AS_USED,US,BN,,ONZRCNCP01MUSUL,OnStar One - Remarketing Trial - 1 Month,CAZRCNCP08YUCMX,Connected Access - 8 Years,,,,,,,,
ONBOARD_AS_NEW-US-DD-1GYKPYRL0SZ308861,1GYKPYRL0SZ308861,WEB,ONBOARD_AS_NEW,US,DD,,ONSDDNCP04MUSUL,OnStar One - 4 Months,CAGWNCP18MUCX,Connected Access - 18 Months,EVZFCNCP08YUCMX,EV Access - 8 Years,,,,,,
ONBOARD_AS_NEW-US-BN-1GTUUGELXTZ281905,1GTUUGELXTZ281905,ADVISOR,ONBOARD_AS_NEW,US,BN,,ONSFCNCP36MUSUL,OnStar One - 3 Years,BAZFCNCP08YUCX,OnStar Basics - 8 Years,CAZFCNCP08YUCMX,Connected Access - 8 Years,,,,,,
ONBOARD_AS_NEW-US-BN-3GNKDARM0TS151174,3GNKDARM0TS151174,WEB,ONBOARD_AS_NEW,US,BN,,ONZFCNCP01MUSUL,OnStar One - Trial - 1 Month,BAZFCNCP08YUCX,OnStar Basics - 8 Years,EVZFCNCP08YUCMX,EV Access - 8 Years,CAZFCNCP08YUCMX,Connected Access - 8 Years,,,,
ONBOARD_AS_NEW-US-BN-1GKS2EK8XTR301799,1GKS2EK8XTR301799,WEB,ONBOARD_AS_NEW,US,BN,,ONSFCNCP36MUSUL,OnStar One - 3 Years,BAZFCNCP08YUCX,OnStar Basics - 8 Years,CAZFCNCP08YUCMX,Connected Access - 8 Years,,,,,,
ONBOARD_AS_USED-CA-PN-1GC40ZEL9RU302806,1GC40ZEL9RU302806,ADVISOR,ONBOARD_AS_USED,CA,PN,,ONSRCNCP01MCALM,OnStar One Super Cruise - Remarketing Trial - 1 Month,CAZRCNCP08YUCMX,Connected Access - 8 Years,EVZRCNCP08YUCMX,EV Access - 8 Years,,,,,,
ONBOARD_AS_USED-CA-PN-1G1PE5SB1G7110884,1G1PE5SB1G7110884,ADVISOR,ONBOARD_AS_USED,CA,PN,,ONZRCNCP01MCALM,OnStar One - Remarketing Trial - 1 Month,DARCNCP01MCA3G,WiFi Connectivity - Trial - 1 Month,CAZRCNCP08YUCMX,Connected Access - 8 Years,,,,,,
ONBOARD_AS_NEW-CA-PN-1GNEVJKS5TJ280810,1GNEVJKS5TJ280810,WEB,ONBOARD_AS_NEW,CA,PN,,ONZFCNCP01MCALM,OnStar One - Trial - 1 Month,DTZFCNCP01MCALMT,TELUS Hotspot Connectivity - 1 Month,BAZFCNCP08YUCX,OnStar Basics - 8 Years,CAZFCNCP08YUCMX,Connected Access - 8 Years,,,,
ONBOARD_AS_NEW-CA-PN-3GN7DLRP2TS103686,3GN7DLRP2TS103686,WEB,ONBOARD_AS_NEW,CA,PN,,ONZFCNCP01MCALM,OnStar One - Trial - 1 Month,DTZFCNCP01MCALMT,TELUS Hotspot Connectivity - 1 Month,BAZFCNCP08YUCX,OnStar Basics - 8 Years,EVZFCNCP08YUCMX,EV Access - 8 Years,CAZFCNCP08YUCMX,Connected Access - 8 Years,,
ONBOARD_AS_NEW-CA-PN-KL77LKE28TC092616,KL77LKE28TC092616,WEB,ONBOARD_AS_NEW,CA,PN,,ONZFCNCP01MCALM,OnStar One - Trial - 1 Month,DTZFCNCP01MCALMT,TELUS Hotspot Connectivity - 1 Month,BAZFCNCP08YUCX,OnStar Basics - 8 Years,CAZFCNCP08YUCMX,Connected Access - 8 Years,,,,
ONBOARD_WITH_RTS-CA-PN-1GTUUCED9TZ255555,1GTUUCED9TZ255555,CAT_BATCH,ONBOARD_WITH_RTS,CA,PN,,ONZFCNCP01MCALM,OnStar One - Trial - 1 Month,DTZFCNCP01MCALMT,TELUS Hotspot Connectivity - 1 Month,BAZFCNCP08YUCX,OnStar Basics - 8 Years,CAZFCNCP08YUCMX,Connected Access - 8 Years,,,,
ONBOARD_AS_NEW-CA-PN-2GCUKEED2T1147448,2GCUKEED2T1147448,ADVISOR,ONBOARD_AS_NEW,CA,PN,,ONZFCNCP01MCALM,OnStar One - Trial - 1 Month,DTZFCNCP01MCALMT,TELUS Hotspot Connectivity - 1 Month,BAZFCNCP08YUCX,OnStar Basics - 8 Years,CAZFCNCP08YUCMX,Connected Access - 8 Years,,,,
ONBOARD_AS_USED-CA-PN-3GN7DLRRXSS151825,3GN7DLRRXSS151825,ADVISOR,ONBOARD_AS_USED,CA,PN,,ONZRCNCP01MCALM,OnStar One - Remarketing Trial - 1 Month,DTZRCNCP01MCALMT,TELUS Hotspot Connectivity - 1 Month,EVZRCNCP08YUCMX,EV Access - 8 Years,CAZRCNCP08YUCMX,Connected Access - 8 Years,,,,
ONBOARD_AS_NEW-CA-PN-3GTUUGE80TG250528,3GTUUGE80TG250528,ADVISOR,ONBOARD_AS_NEW,CA,PN,,ONZFCNCP01MCALM,OnStar One - Trial - 1 Month,DTZFCNCP01MCALMT,TELUS Hotspot Connectivity - 1 Month,BAZFCNCP08YUCX,OnStar Basics - 8 Years,CAZFCNCP08YUCMX,Connected Access - 8 Years,,,,
ONBOARD_AS_NEW-CA-PN-4W5KHNRL7RZ503693,4W5KHNRL7RZ503693,ADVISOR,ONBOARD_AS_NEW,CA,PN,,IHUTRNCP03YCAUL,IHU Connectivity - 3 Years,SSZFCNCP03YUCMX,Safety & Security - 3 Years,RAZFCNCP03YUCX,Remote Access - 3 Years,APZFCNCP03YUCX,App Access - 3 Years,EVZFCNCP08YUCMX,EV Access - 8 Years,CAZFCNCP08YUCMX,Connected Access - 8 Years
ONBOARD_AS_NEW-CA-PN-KL4AMESL3TB029248,KL4AMESL3TB029248,WEB,ONBOARD_AS_NEW,CA,PN,,ONZFCNCP01MCALM,OnStar One - Trial - 1 Month,DTZFCNCP01MCALMT,TELUS Hotspot Connectivity - 1 Month,BAZFCNCP08YUCX,OnStar Basics - 8 Years,CAZFCNCP08YUCMX,Connected Access - 8 Years,,,,
ONBOARD_AS_NEW-CA-PN-1GT4UZEY1TF166490,1GT4UZEY1TF166490,WEB,ONBOARD_AS_NEW,CA,PN,,ONZFCNCP01MCALM,OnStar One - Trial - 1 Month,DTZFCNCP01MCALMT,TELUS Hotspot Connectivity - 1 Month,BAZFCNCP08YUCX,OnStar Basics - 8 Years,CAZFCNCP08YUCMX,Connected Access - 8 Years,,,,
ONBOARD_AS_USED-CA-PN-1GC1KTEY0KF120394,1GC1KTEY0KF120394,WEB,ONBOARD_AS_USED,CA,PN,,ONZRCNCP01MCALM,OnStar One - Remarketing Trial - 1 Month,DARCNCP01MCA3G,WiFi Connectivity - Trial - 1 Month,CAZRCNCP08YUCMX,Connected Access - 8 Years,,,,,,
ONBOARD_AS_NEW-CA-PN-3GCUKFE83TG240284,3GCUKFE83TG240284,WEB,ONBOARD_AS_NEW,CA,PN,,ONZFCNCP01MCALM,OnStar One - Trial - 1 Month,DTZFCNCP01MCALMT,TELUS Hotspot Connectivity - 1 Month,BAZFCNCP08YUCX,OnStar Basics - 8 Years,CAZFCNCP08YUCMX,Connected Access - 8 Years,,,,
ONBOARD_WITH_RTS-CA-PN-1GKS1GKD5TR244682,1GKS1GKD5TR244682,ADVISOR,ONBOARD_WITH_RTS,CA,PN,,ONZFCNCP01MCALM,OnStar One - Trial - 1 Month,DTZFCNCP01MCALMT,TELUS Hotspot Connectivity - 1 Month,BAZFCNCP08YUCX,OnStar Basics - 8 Years,CAZFCNCP08YUCMX,Connected Access - 8 Years,,,,
ONBOARD_WITH_RTS-CA-PN-1G1YF3D33S5608102,1G1YF3D33S5608102,ADVISOR,ONBOARD_WITH_RTS,CA,PN,,ONZFCNCP01MCALM,OnStar One - Trial - 1 Month,DTZFCNCP01MCALMT,TELUS Hotspot Connectivity - 1 Month,BAZFCNCP08YUCX,OnStar Basics - 8 Years,CAZFCNCP08YUCMX,Connected Access - 8 Years,,,,
ONBOARD_AS_USED-CA-PN-1G1FY6S08M4104892,1G1FY6S08M4104892,ADVISOR,ONBOARD_AS_USED,CA,PN,,ONZRCNCP01MCALM,OnStar One - Remarketing Trial - 1 Month,DARCNCP01MCA3G,WiFi Connectivity - Trial - 1 Month,EVZRCNCP08YUCMX,EV Access - 8 Years,CAZRCNCP08YUCMX,Connected Access - 8 Years,,,,
ONBOARD_WITH_RTS-CA-PN-3GN7DLRR7SS250425,3GN7DLRR7SS250425,ADVISOR,ONBOARD_WITH_RTS,CA,PN,,ONZFCNCP01MCALM,OnStar One - Trial - 1 Month,DTZFCNCP01MCALMT,TELUS Hotspot Connectivity - 1 Month,BAZFCNCP08YUCX,OnStar Basics - 8 Years,EVZFCNCP08YUCMX,EV Access - 8 Years,CAZFCNCP08YUCMX,Connected Access - 8 Years,,
ONBOARD_AS_USED-CA-PN-3GTU2MEC6JG361123,3GTU2MEC6JG361123,ADVISOR,ONBOARD_AS_USED,CA,PN,,ONZRCNCP01MCALM,OnStar One - Remarketing Trial - 1 Month,DARCNCP01MCA3G,WiFi Connectivity - Trial - 1 Month,CAZRCNCP08YUCMX,Connected Access - 8 Years,,,,,,
ONBOARD_AS_USED-CA-PN-1GCUDJE84RZ371679,1GCUDJE84RZ371679,ADVISOR,ONBOARD_AS_USED,CA,PN,,DARCNCP01MCA3G,WiFi Connectivity - Trial - 1 Month,CAZRCNCP08YUCMX,Connected Access - 8 Years,,,,,,,,
ONBOARD_AS_USED-CA-PN-2GC4YUEY0R1199732,2GC4YUEY0R1199732,ADVISOR,ONBOARD_AS_USED,CA,PN,,ONZRCNCP01MCALM,OnStar One - Remarketing Trial - 1 Month,DARCNCP01MCA3G,WiFi Connectivity - Trial - 1 Month,CAZRCNCP08YUCMX,Connected Access - 8 Years,,,,,,
ONBOARD_AS_USED-CA-PN-3GTU2MEC7HG161880,3GTU2MEC7HG161880,ADVISOR,ONBOARD_AS_USED,CA,PN,,ONZRCNCP01MCALM,OnStar One - Remarketing Trial - 1 Month,DARCNCP01MCA3G,WiFi Connectivity - Trial - 1 Month,CAZRCNCP08YUCMX,Connected Access - 8 Years,,,,,,
ONBOARD_AS_NEW-CA-PN-2GC4KTEY9T1173164,2GC4KTEY9T1173164,WEB,ONBOARD_AS_NEW,CA,PN,,ONZFCNCP01MCALM,OnStar One - Trial - 1 Month,DTZFCNCP01MCALMT,TELUS Hotspot Connectivity - 1 Month,BAZFCNCP08YUCX,OnStar Basics - 8 Years,CAZFCNCP08YUCMX,Connected Access - 8 Years,,,,
ONBOARD_AS_NEW-CA-PN-KL77LJE28TC035214,KL77LJE28TC035214,WEB,ONBOARD_AS_NEW,CA,PN,,ONZFCNCP01MCALM,OnStar One - Trial - 1 Month,DTZFCNCP01MCALMT,TELUS Hotspot Connectivity - 1 Month,BAZFCNCP08YUCX,OnStar Basics - 8 Years,CAZFCNCP08YUCMX,Connected Access - 8 Years,,,,
ONBOARD_AS_NEW-CA-PN-3GTUUCEDXTG136851,3GTUUCEDXTG136851,WEB,ONBOARD_AS_NEW,CA,PN,,ONZFCNCP01MCALM,OnStar One - Trial - 1 Month,DTZFCNCP01MCALMT,TELUS Hotspot Connectivity - 1 Month,BAZFCNCP08YUCX,OnStar Basics - 8 Years,CAZFCNCP08YUCMX,Connected Access - 8 Years,,,,
ONBOARD_AS_NEW-MX-PN-KL77L6E22TC119137,KL77L6E22TC119137,WEB,ONBOARD_AS_NEW,MX,PN,,DT3G3MMXINV,3GB WiFi Connectivity - Trial - 3 Months,CAZFCNCP08YUCMX,Connected Access - 8 Years,EBZFCNCP03MMXX,Essentials  - 3 Months,,,,,,
ONBOARD_AS_NEW-MX-PN-3GCUK9ED0TG283138,3GCUK9ED0TG283138,WEB,ONBOARD_AS_NEW,MX,PN,,DT3G3MMXINV,3GB WiFi Connectivity - Trial - 3 Months,CAZFCNCP08YUCMX,Connected Access - 8 Years,EBZFCNCP03MMXX,Essentials  - 3 Months,,,,,,
ONBOARD_AS_NEW-MX-PN-3GTNU9ED4TG305754,3GTNU9ED4TG305754,WEB,ONBOARD_AS_NEW,MX,PN,,DT3G3MMXINV,3GB WiFi Connectivity - Trial - 3 Months,CAZFCNCP08YUCMX,Connected Access - 8 Years,EBZFCNCP03MMXX,Essentials  - 3 Months,,,,,,
ONBOARD_AS_USED-MX-PN-1GNER9RSXSJ220304,1GNER9RSXSJ220304,WEB,ONBOARD_AS_USED,MX,PN,,DAZRCNCP03MMX3G,3GB WiFi Connectivity - Trial - 3 Months,CAZRCNCP08YUCMX,Connected Access - 8 Years,,,,,,,,
ONBOARD_AS_NEW-MX-PN-LSGEN53A6TD003236,LSGEN53A6TD003236,WEB,ONBOARD_AS_NEW,MX,PN,,DT3G3MMXINV,3GB WiFi Connectivity - Trial - 3 Months,EBZFCNCP03MMXX,Essentials  - 3 Months,CAZFCNCP08YUCMX,Connected Access - 8 Years,,,,,,
ONBOARD_WITH_RTS-MX-PN-93CEF76C2SB226178,93CEF76C2SB226178,WEB,ONBOARD_WITH_RTS,MX,PN,,DT3G3MMXINV,3GB WiFi Connectivity - Trial - 3 Months,EBZFCNCP03MMXX,Essentials  - 3 Months,CAZFCNCP08YUCMX,Connected Access - 8 Years,,,,,,
ONBOARD_AS_NEW-MX-PN-1GTP29EK7T1128838,1GTP29EK7T1128838,WEB,ONBOARD_AS_NEW,MX,PN,,DT3G3MMXINV,3GB WiFi Connectivity - Trial - 3 Months,EBZFCNCP03MMXX,Essentials  - 3 Months,CAZFCNCP08YUCMX,Connected Access - 8 Years,,,,,,
ONBOARD_AS_NEW-MX-PN-1GNS68RL5SR398640,1GNS68RL5SR398640,WEB,ONBOARD_AS_NEW,MX,PN,,DT3G3MMXINV,3GB WiFi Connectivity - Trial - 3 Months,CAZFCNCP08YUCMX,Connected Access - 8 Years,EBZFCNCP03MMXX,Essentials  - 3 Months,,,,,,
ONBOARD_AS_NEW-MX-PN-LSGEN530XTD051104,LSGEN530XTD051104,WEB,ONBOARD_AS_NEW,MX,PN,,DT3G3MMXINV,3GB WiFi Connectivity - Trial - 3 Months,EBZFCNCP03MMXX,Essentials  - 3 Months,CAZFCNCP08YUCMX,Connected Access - 8 Years,,,,,,
ONBOARD_AS_USED-MX-PN-3GTUU9ED6PG154109,3GTUU9ED6PG154109,ADVISOR,ONBOARD_AS_USED,MX,PN,,DAZRCNCP03MMX3G,3GB WiFi Connectivity - Trial - 3 Months,EBZRCNCP01MMXX,Essentials - Remarketing Trial - 1 Month,CAZRCNCP08YUCMX,Connected Access - 8 Years,,,,,,
ONBOARD_AS_NEW-MX-PN-3GTUU9ED2TG310317,3GTUU9ED2TG310317,WEB,ONBOARD_AS_NEW,MX,PN,,DT3G3MMXINV,3GB WiFi Connectivity - Trial - 3 Months,EBZFCNCP03MMXX,Essentials  - 3 Months,CAZFCNCP08YUCMX,Connected Access - 8 Years,,,,,,
ONBOARD_AS_NEW-MX-BN-1GTUU9ELXTZ317426,1GTUU9ELXTZ317426,WEB,ONBOARD_AS_NEW,MX,BN,,DT3G3MMXINV,3GB WiFi Connectivity - Trial - 3 Months,CAZFCNCP08YUCMX,Connected Access - 8 Years,EBZFCNCP03MMXX,Essentials  - 3 Months,,,,,,
ONBOARD_AS_NEW-MX-PN-93CEF43C3TB186200,93CEF43C3TB186200,WEB,ONBOARD_AS_NEW,MX,PN,,DT3G3MMXINV,3GB WiFi Connectivity - Trial - 3 Months,EBZFCNCP03MMXX,Essentials  - 3 Months,CAZFCNCP08YUCMX,Connected Access - 8 Years,,,,,,
ONBOARD_AS_NEW-MX-PN-LSGEN53A8TD020362,LSGEN53A8TD020362,WEB,ONBOARD_AS_NEW,MX,PN,,DT3G3MMXINV,3GB WiFi Connectivity - Trial - 3 Months,CAZFCNCP08YUCMX,Connected Access - 8 Years,EBZFCNCP03MMXX,Essentials  - 3 Months,,,,,,
ONBOARD_AS_NEW-US-PN-1GC4KREYXTF256033,1GC4KREYXTF256033,WEB,ONBOARD_AS_NEW,US,PN,,ONZFCNCP01MUSUL,OnStar One - Trial - 1 Month,BAZFCNCP08YUCX,OnStar Basics - 8 Years,CAZFCNCP08YUCMX,Connected Access - 8 Years,,,,,,
ONBOARD_AS_USED-US-PN-1GYS9DRL5SR246652,1GYS9DRL5SR246652,WEB,ONBOARD_AS_USED,US,PN,,CAZRCNCP08YUCMX,Connected Access - 8 Years,,,,,,,,,,
ONBOARD_AS_NEW-US-PN-1GNEVJKS4TJ279812,1GNEVJKS4TJ279812,WEB,ONBOARD_AS_NEW,US,PN,,ONSFCNCP36MUSUL,OnStar One - 3 Years,BAZFCNCP08YUCX,OnStar Basics - 8 Years,CAZFCNCP08YUCMX,Connected Access - 8 Years,,,,,,
ONBOARD_AS_NEW-US-PN-3GCUKCED4TG276528,3GCUKCED4TG276528,WEB,ONBOARD_AS_NEW,US,PN,,ONZFCNCP01MUSUL,OnStar One - Trial - 1 Month,BAZFCNCP08YUCX,OnStar Basics - 8 Years,CAZFCNCP08YUCMX,Connected Access - 8 Years,,,,,,
ONBOARD_AS_USED-US-PN-3GNAXMEG8PS117610,3GNAXMEG8PS117610,WEB,ONBOARD_AS_USED,US,PN,,ONZRCNCP01MUSUL,OnStar One - Remarketing Trial - 1 Month,CAZRCNCP08YUCMX,Connected Access - 8 Years,,,,,,,,
ONBOARD_AS_NEW-US-PN-3GNAXHEG1TL451912,3GNAXHEG1TL451912,ADVISOR,ONBOARD_AS_NEW,US,PN,,ONZFCNCP01MUSUL,OnStar One - Trial - 1 Month,BAZFCNCP08YUCX,OnStar Basics - 8 Years,CAZFCNCP08YUCMX,Connected Access - 8 Years,,,,,,
ONBOARD_AS_NEW-US-PN-3GNAXPEG4TL303666,3GNAXPEG4TL303666,WEB,ONBOARD_AS_NEW,US,PN,,ONZFCNCP01MUSUL,OnStar One - Trial - 1 Month,BAZFCNCP08YUCX,OnStar Basics - 8 Years,CAZFCNCP08YUCMX,Connected Access - 8 Years,,,,,,
ONBOARD_AS_USED-US-PN-1GKS2BKD3MR187710,1GKS2BKD3MR187710,WEB,ONBOARD_AS_USED,US,PN,,ONZRCNCP01MUSUL,OnStar One - Remarketing Trial - 1 Month,CAZRCNCP08YUCMX,Connected Access - 8 Years,,,,,,,,
ONBOARD_AS_NEW-US-PN-1GTRUJEK5TZ323830,1GTRUJEK5TZ323830,WEB,ONBOARD_AS_NEW,US,PN,,ONZFCNCP01MUSUL,OnStar One - Trial - 1 Month,BAZFCNCP08YUCX,OnStar Basics - 8 Years,CAZFCNCP08YUCMX,Connected Access - 8 Years,,,,,,
ONBOARD_AS_NEW-US-PN-1GNEVJKS9TJ304168,1GNEVJKS9TJ304168,WEB,ONBOARD_AS_NEW,US,PN,,ONSFCNCP36MUSUL,OnStar One - 3 Years,BAZFCNCP08YUCX,OnStar Basics - 8 Years,CAZFCNCP08YUCMX,Connected Access - 8 Years,,,,,,
ONBOARD_AS_NEW-US-PN-2GC4KYEY1T1164309,2GC4KYEY1T1164309,WEB,ONBOARD_AS_NEW,US,PN,,ONZFCNCP01MUSUL,OnStar One - Trial - 1 Month,BAZFCNCP08YUCX,OnStar Basics - 8 Years,CAZFCNCP08YUCMX,Connected Access - 8 Years,,,,,,
ONBOARD_AS_NEW-US-PN-1GKENKKS4TJ236798,1GKENKKS4TJ236798,WEB,ONBOARD_AS_NEW,US,PN,,ONZFCNCP01MUSUL,OnStar One - Trial - 1 Month,BAZFCNCP08YUCX,OnStar Basics - 8 Years,CAZFCNCP08YUCMX,Connected Access - 8 Years,,,,,,
ONBOARD_AS_USED-US-PN-1G1ZD5ST6KF170405,1G1ZD5ST6KF170405,ADVISOR,ONBOARD_AS_USED,US,PN,,ONZRCNCP01MUSUL,OnStar One - Remarketing Trial - 1 Month,CAZRCNCP08YUCMX,Connected Access - 8 Years,,,,,,,,
ONBOARD_AS_NEW-US-PN-1GT5ULE71TF210934,1GT5ULE71TF210934,ADVISOR,ONBOARD_AS_NEW,US,PN,,ONZFCNCP01MUSUL,OnStar One - Trial - 1 Month,BAZFCNCP08YUCX,OnStar Basics - 8 Years,CAZFCNCP08YUCMX,Connected Access - 8 Years,,,,,,
ONBOARD_AS_USED-US-PN-1GNS6CKD3TR265768,1GNS6CKD3TR265768,ADVISOR,ONBOARD_AS_USED,US,PN,,ONZRCNCP01MUSUL,OnStar One - Remarketing Trial - 1 Month,CAZRCNCP08YUCMX,Connected Access - 8 Years,,,,,,,,
ONBOARD_AS_USED-US-PN-3GTP9EEL6KG103684,3GTP9EEL6KG103684,ADVISOR,ONBOARD_AS_USED,US,PN,,ONZRCNCP01MUSUL,OnStar One - Remarketing Trial - 1 Month,CAZRCNCP08YUCMX,Connected Access - 8 Years,,,,,,,,
ONBOARD_AS_NEW-US-PN-1GNERGKS0TJ266207,1GNERGKS0TJ266207,WEB,ONBOARD_AS_NEW,US,PN,,ONZFCNCP01MUSUL,OnStar One - Trial - 1 Month,BAZFCNCP08YUCX,OnStar Basics - 8 Years,CAZFCNCP08YUCMX,Connected Access - 8 Years,,,,,,
ONBOARD_AS_USED-US-PN-2GC4KPEY0S1229501,2GC4KPEY0S1229501,WEB,ONBOARD_AS_USED,US,PN,,ONZRCNCP01MUSUL,OnStar One - Remarketing Trial - 1 Month,CAZRCNCP08YUCMX,Connected Access - 8 Years,,,,,,,,
ONBOARD_AS_NEW-US-PN-1GT4UNEY2TF197983,1GT4UNEY2TF197983,ADVISOR,ONBOARD_AS_NEW,US,PN,,ONZFCNCP01MUSUL,OnStar One - Trial - 1 Month,BAZFCNCP08YUCX,OnStar Basics - 8 Years,CAZFCNCP08YUCMX,Connected Access - 8 Years,,,,,,
ONBOARD_AS_NEW-US-PN-3GKALMEG6TL410970,3GKALMEG6TL410970,WEB,ONBOARD_AS_NEW,US,PN,,ONZFCNCP01MUSUL,OnStar One - Trial - 1 Month,BAZFCNCP08YUCX,OnStar Basics - 8 Years,CAZFCNCP08YUCMX,Connected Access - 8 Years,,,,,,
ONBOARD_AS_USED-US-PN-1GYS4BKL1PR101709,1GYS4BKL1PR101709,ADVISOR,ONBOARD_AS_USED,US,PN,,ONZRCNCP01MUSUL,OnStar One - Remarketing Trial - 1 Month,CAZRCNCP08YUCMX,Connected Access - 8 Years,,,,,,,,
ONBOARD_AS_USED-US-PN-KL4CJBSB1FB204334,KL4CJBSB1FB204334,ADVISOR,ONBOARD_AS_USED,US,PN,,ONZRCNCP01MUSUL,OnStar One - Remarketing Trial - 1 Month,CAZRCNCP08YUCMX,Connected Access - 8 Years,,,,,,,,
ONBOARD_WITH_RTS-US-PN-3GKALMEG8TL347323,3GKALMEG8TL347323,WEB,ONBOARD_WITH_RTS,US,PN,,ONZFCNCP01MUSUL,OnStar One - Trial - 1 Month,BAZFCNCP08YUCX,OnStar Basics - 8 Years,CAZFCNCP08YUCMX,Connected Access - 8 Years,,,,,,
ONBOARD_AS_NEW-US-PN-3GTUUEEL9TG257003,3GTUUEEL9TG257003,WEB,ONBOARD_AS_NEW,US,PN,,ONZFCNCP01MUSUL,OnStar One - Trial - 1 Month,BAZFCNCP08YUCX,OnStar Basics - 8 Years,CAZFCNCP08YUCMX,Connected Access - 8 Years,,,,,,
ONBOARD_WITH_RTS-US-PN-1GYS9FKL2TR225331,1GYS9FKL2TR225331,ADVISOR,ONBOARD_WITH_RTS,US,PN,,ONSFCNCP36MUSUL,OnStar One - 3 Years,BAZFCNCP08YUCX,OnStar Basics - 8 Years,CAZFCNCP08YUCMX,Connected Access - 8 Years,,,,,,
ONBOARD_AS_NEW-US-PN-3GKALYEG9TL272722,3GKALYEG9TL272722,WEB,ONBOARD_AS_NEW,US,PN,,ONZFCNCP36MUSUL,OnStar One - 3 Years,BAZFCNCP08YUCX,OnStar Basics - 8 Years,CAZFCNCP08YUCMX,Connected Access - 8 Years,,,,,,
ONBOARD_WITH_RTS-US-PN-3GTPHDED7TG235196,3GTPHDED7TG235196,ADVISOR,ONBOARD_WITH_RTS,US,PN,,ONZFCNCP01MUSUL,OnStar One - Trial - 1 Month,BAZFCNCP08YUCX,OnStar Basics - 8 Years,CAZFCNCP08YUCMX,Connected Access - 8 Years,,,,,,
ONBOARD_AS_USED-US-PN-3GCUYEET7MG228637,3GCUYEET7MG228637,WEB,ONBOARD_AS_USED,US,PN,,ONZRCNCP01MUSUL,OnStar One - Remarketing Trial - 1 Month,CAZRCNCP08YUCMX,Connected Access - 8 Years,,,,,,,,
ONBOARD_AS_USED-US-PN-1GCUYGETXNZ200280,1GCUYGETXNZ200280,WEB,ONBOARD_AS_USED,US,PN,,ONZRCNCP01MUSUL,OnStar One - Remarketing Trial - 1 Month,CAZRCNCP08YUCMX,Connected Access - 8 Years,,,,,,,,
ONBOARD_AS_NEW-US-PN-KL47LBEP8TB136340,KL47LBEP8TB136340,WEB,ONBOARD_AS_NEW,US,PN,,ONZFCNCP01MUSUL,OnStar One - Trial - 1 Month,BAZFCNCP08YUCX,OnStar Basics - 8 Years,CAZFCNCP08YUCMX,Connected Access - 8 Years,,,,,,
ONBOARD_WITH_RTS-US-PN-1GCPACEDXTZ104679,1GCPACEDXTZ104679,WEB,ONBOARD_WITH_RTS,US,PN,,ONZFCNCP01MUSUL,OnStar One - Trial - 1 Month,BAZFCNCP08YUCX,OnStar Basics - 8 Years,CAZFCNCP08YUCMX,Connected Access - 8 Years,,,,,,
ONBOARD_AS_NEW-US-PN-1GYS9GKLXTR305188,1GYS9GKLXTR305188,WEB,ONBOARD_AS_NEW,US,PN,,ONSFCNCP36MUSUL,OnStar One - 3 Years,BAZFCNCP08YUCX,OnStar Basics - 8 Years,CAZFCNCP08YUCMX,Connected Access - 8 Years,,,,,,
ONBOARD_AS_NEW-US-PN-KL77LJEP6TC134481,KL77LJEP6TC134481,ADVISOR,ONBOARD_AS_NEW,US,PN,,ONZFCNCP01MUSUL,OnStar One - Trial - 1 Month,BAZFCNCP08YUCX,OnStar Basics - 8 Years,CAZFCNCP08YUCMX,Connected Access - 8 Years,,,,,,
ONBOARD_WITH_RTS-US-PN-1GKS2BKC8JR360009,1GKS2BKC8JR360009,ADVISOR,ONBOARD_WITH_RTS,US,PN,,ONZRCNCP01MUSUL,OnStar One - Remarketing Trial - 1 Month,CAZRCNCP08YUCMX,Connected Access - 8 Years,,,,,,,,
ONBOARD_AS_USED-US-PN-1GNERFKW7MJ266543,1GNERFKW7MJ266543,ADVISOR,ONBOARD_AS_USED,US,PN,,ONZRCNCP01MUSUL,OnStar One - Remarketing Trial - 1 Month,CAZRCNCP08YUCMX,Connected Access - 8 Years,,,,,,,,
ONBOARD_AS_NEW-US-PN-1GT4USEY4TF198616,1GT4USEY4TF198616,WEB,ONBOARD_AS_NEW,US,PN,,ONZFCNCP01MUSUL,OnStar One - Trial - 1 Month,BAZFCNCP08YUCX,OnStar Basics - 8 Years,CAZFCNCP08YUCMX,Connected Access - 8 Years,,,,,,
ONBOARD_AS_NEW-US-PN-1GKS1BKDXTR296523,1GKS1BKDXTR296523,WEB,ONBOARD_AS_NEW,US,PN,,ONZFCNCP01MUSUL,OnStar One - Trial - 1 Month,BAZFCNCP08YUCX,OnStar Basics - 8 Years,CAZFCNCP08YUCMX,Connected Access - 8 Years,,,,,,
ONBOARD_WITH_RTS-US-PN-1GNEVJKS2TJ315674,1GNEVJKS2TJ315674,ADVISOR,ONBOARD_WITH_RTS,US,PN,,ONZFCNCP01MUSUL,OnStar One - Trial - 1 Month,BAZFCNCP08YUCX,OnStar Basics - 8 Years,CAZFCNCP08YUCMX,Connected Access - 8 Years,,,,,,
ONBOARD_AS_USED-US-PN-1G1ZD5ST7LF040473,1G1ZD5ST7LF040473,ADVISOR,ONBOARD_AS_USED,US,PN,,ONZRCNCP01MUSUL,OnStar One - Remarketing Trial - 1 Month,CAZRCNCP08YUCMX,Connected Access - 8 Years,,,,,,,,
ONBOARD_AS_NEW-US-PN-KL77LJEP8TC127323,KL77LJEP8TC127323,WEB,ONBOARD_AS_NEW,US,PN,,ONZFCNCP01MUSUL,OnStar One - Trial - 1 Month,BAZFCNCP08YUCX,OnStar Basics - 8 Years,CAZFCNCP08YUCMX,Connected Access - 8 Years,,,,,,
ONBOARD_AS_NEW-US-PN-KL77LHEP8TC128867,KL77LHEP8TC128867,WEB,ONBOARD_AS_NEW,US,PN,,ONZFCNCP01MUSUL,OnStar One - Trial - 1 Month,BAZFCNCP08YUCX,OnStar Basics - 8 Years,CAZFCNCP08YUCMX,Connected Access - 8 Years,,,,,,
ONBOARD_AS_USED-US-PN-1G1FY6S03L4105317,1G1FY6S03L4105317,WEB,ONBOARD_AS_USED,US,PN,,ONZRCNCP01MUSUL,OnStar One - Remarketing Trial - 1 Month,CAZRCNCP08YUCMX,Connected Access - 8 Years,EVZRCNCP08YUCMX,EV Access - 8 Years,,,,,,
ONBOARD_WITH_RTS-US-PN-3GCPKCEK4SG362514,3GCPKCEK4SG362514,WEB,ONBOARD_WITH_RTS,US,PN,,ONZFCNCP01MUSUL,OnStar One - Trial - 1 Month,BAZFCNCP08YUCX,OnStar Basics - 8 Years,CAZFCNCP08YUCMX,Connected Access - 8 Years,,,,,,
ONBOARD_WITH_RTS-US-PN-1G6DU5RK9S0115189,1G6DU5RK9S0115189,WEB,ONBOARD_WITH_RTS,US,PN,,ONSFCNCP36MUSUL,OnStar One - 3 Years,BAZFCNCP08YUCX,OnStar Basics - 8 Years,CAZFCNCP08YUCMX,Connected Access - 8 Years,,,,,,
ONBOARD_AS_USED-US-PN-3GTPHCEK8PG208815,3GTPHCEK8PG208815,WEB,ONBOARD_AS_USED,US,PN,,DAZRCNCP03YUSULWA,WiFi Connectivity,CAZRCNCP08YUCMX,Connected Access - 8 Years,,,,,,,,
ONBOARD_WITH_RTS-US-PN-3GN7DNRP6TS123760,3GN7DNRP6TS123760,WEB,ONBOARD_WITH_RTS,US,PN,,ONZFCNCP01MUSUL,OnStar One - Trial - 1 Month,BAZFCNCP08YUCX,OnStar Basics - 8 Years,EVZFCNCP08YUCMX,EV Access - 8 Years,CAZFCNCP08YUCMX,Connected Access - 8 Years,,,,
ONBOARD_AS_NEW-US-PN-1GCPSBEK0T1203063,1GCPSBEK0T1203063,WEB,ONBOARD_AS_NEW,US,PN,,ONZFCNCP01MUSUL,OnStar One - Trial - 1 Month,BAZFCNCP08YUCX,OnStar Basics - 8 Years,CAZFCNCP08YUCMX,Connected Access - 8 Years,,,,,,
ONBOARD_AS_USED-US-PN-3GCNAAEK8SG350431,3GCNAAEK8SG350431,WEB,ONBOARD_AS_USED,US,PN,,ONZRCNCP01MUSUL,OnStar One - Remarketing Trial - 1 Month,CAZRCNCP08YUCMX,Connected Access - 8 Years,,,,,,,,
ONBOARD_AS_USED-US-PN-1GYS4PKJXFR737751,1GYS4PKJXFR737751,ADVISOR,ONBOARD_AS_USED,US,PN,,ONZRCNCP01MUSUL,OnStar One - Remarketing Trial - 1 Month,CAZRCNCP08YUCMX,Connected Access - 8 Years,,,,,,,,
ONBOARD_AS_NEW-US-PN-1GC4KME79TF241047,1GC4KME79TF241047,WEB,ONBOARD_AS_NEW,US,PN,,ONZFCNCP36MUSUL,OnStar One - 3 Years,BAZFCNCP08YUCX,OnStar Basics - 8 Years,CAZFCNCP08YUCMX,Connected Access - 8 Years,,,,,,
ONBOARD_AS_NEW-US-PN-1GNEVJKS5TJ300053,1GNEVJKS5TJ300053,WEB,ONBOARD_AS_NEW,US,PN,,ONZFCNCP01MUSUL,OnStar One - Trial - 1 Month,BAZFCNCP08YUCX,OnStar Basics - 8 Years,CAZFCNCP08YUCMX,Connected Access - 8 Years,,,,,,
ONBOARD_WITH_RTS-US-PN-1GKTESDC9TU604131,1GKTESDC9TU604131,ADVISOR,ONBOARD_WITH_RTS,US,PN,,ONSFCNCP36MUSUL,OnStar One - 3 Years,BAZFCNCP08YUCX,OnStar Basics - 8 Years,CAZFCNCP08YUCMX,Connected Access - 8 Years,EVZFCNCP08YUCMX,EV Access - 8 Years,,,,
ONBOARD_WITH_RTS-US-PN-2GCUDGED8R1128739,2GCUDGED8R1128739,ADVISOR,ONBOARD_WITH_RTS,US,PN,,ONZFCNCP01MUSUL,OnStar One - Trial - 1 Month,RAZFCNCP03YUCX,Remote Access - 3 Years,CAZFCNCP08YUCMX,Connected Access - 8 Years,,,,,,
ONBOARD_AS_USED-US-PN-2GC4YME72R1187797,2GC4YME72R1187797,WEB,ONBOARD_AS_USED,US,PN,,ONZRCNCP01MUSUL,OnStar One - Remarketing Trial - 1 Month,CAZRCNCP08YUCMX,Connected Access - 8 Years,,,,,,,,
