#META:{"version":1,"method":"GET","urlPattern":"https://sales-product-autoassign.apps.gmna.test.cvca.atmosdt.gm.com/sales/product/autoassign/v1/vehicles/management/{{vin}}/onboarding/vehiclePurchaseOffers","headers":[{"key":"Accept-Language","value":"en-US"},{"key":"Content-Type","value":"application/json"}],"body":"","auth":{"type":"inherit"},"validationMode":"selective","unorderedArrays":true,"pathVariables":["vin"]}
name,path:vin,param:channel,param:enrollmentType,param:country,param:accountType,param:vehicleUsageCode,validate:$.offers[0].associatedOfferingCode,validate:$.offers[0].offerName,validate:$.offers[1].associatedOfferingCode,validate:$.offers[1].offerName,validate:$.offers[2].associatedOfferingCode,validate:$.offers[2].offerName,validate:$.offers[3].associatedOfferingCode,validate:$.offers[3].offerName,validate:$.offers[4].associatedOfferingCode,validate:$.offers[4].offerName,validate:$.offers[5].associatedOfferingCode,validate:$.offers[5].offerName,validate:$.offers[6].associatedOfferingCode,validate:$.offers[6].offerName
ONBOARD_AS_NEW-US-PN-1GYC3R1L9T10799D0,1GYC3R1L9T10799D0,MC_WEBRNW,ONBOARD_AS_NEW,US,PN,,ONZFCNCP01MUSUL,OnStar One - Trial - 1 Month,BAZFCNCP08YUCX,OnStar Basics - 8 Years,CAZFCNCP08YUCMX,Connected Access - 8 Years,EVZFCNCP08YUCMX,EV Access - 8 Years,,,,,,
ONBOARD_AS_NEW-US-PN-3GN7DMRP1S10799E6,3GN7DMRP1S10799E6,MC_WEBRNW,ONBOARD_AS_NEW,US,PN,,ONZFCNCP01MUSUL,OnStar One - Trial - 1 Month,BAZFCNCP08YUCX,OnStar Basics - 8 Years,CAZFCNCP08YUCMX,Connected Access - 8 Years,EVZFCNCP08YUCMX,EV Access - 8 Years,,,,,,
ONBOARD_AS_NEW-US-PN-1GNKD81S1S107998E,1GNKD81S1S107998E,MC_WEBRNW,ONBOARD_AS_NEW,US,PN,,ONZFCNCP01MUSUL,OnStar One - Trial - 1 Month,BAZFCNCP08YUCX,OnStar Basics - 8 Years,CAZFCNCP08YUCMX,Connected Access - 8 Years,EVZFCNCP08YUCMX,EV Access - 8 Years,,,,,,
ONBOARD_AS_NEW-US-PN-1GN7D81P3R107998C,1GN7D81P3R107998C,MC_WEBRNW,ONBOARD_AS_NEW,US,PN,,ONZFCNCP01MUSUL,OnStar One - Trial - 1 Month,IHUTRNCP08YUSUL,IHU Connectivity - 8 Years,RAZFCNCP08YUCX,Remote Access - 8 Years,APZFCNCP03YUCX,App Access - 3 Years,VMZFCNCP08YUCX,Navigation and Voice Assistant - 8 Years,EVZFCNCP08YUCMX,EV Access - 8 Years,CAZFCNCP08YUCMX,Connected Access - 8 Years
ONBOARD_AS_NEW-US-PN-1GNXDF1H0S107997E,1GNXDF1H0S107997E,WEB,ONBOARD_AS_NEW,US,PN,,PRFCNCP03YUCX,Premium Plan,DAZFCNCP03YUSUL,WiFi Connectivity - 3 Years,BAZFCNCP08YUCX,OnStar Basics - 8 Years,EVZFCNCP08YUCMX,EV Access - 8 Years,CAZFCNCP08YUCMX,Connected Access - 8 Years,,,,
ONBOARD_AS_NEW-US-PN-1G6DU1113S1079988,1G6DU1113S1079988,MC_WEBRNW,ONBOARD_AS_NEW,US,PN,,ONSFCNCP01MUSUL,OnStar One - Trial - 1 Month,BAZFCNCP08YUCX,OnStar Basics - 8 Years,CAZFCNCP08YUCMX,Connected Access - 8 Years,,,,,,,,
ONBOARD_AS_NEW-US-PN-3GP1HZ1J3S10799CC,3GP1HZ1J3S10799CC,HONDA_ADVISOR,ONBOARD_AS_NEW,US,PN,,IHUTRNCP03YUSUL,IHU Connectivity - 3 Years,SSFCNCP01MUCX,Safety & Security - Trial - 1 Month,RAZFCNCP03YUCX,Remote Access - 3 Years,APZFCNCP03YUCX,App Access - 3 Years,EVZFCNCP08YUCMX,EV Access - 8 Years,CAZFCNCP08YUCMX,Connected Access - 8 Years,,
ONBOARD_AS_NEW-US-PN-3GP1HU1M3R1079986,3GP1HU1M3R1079986,HONDA_ADVISOR,ONBOARD_AS_NEW,US,PN,,SSFCNCP01MUCX,Safety & Security - Trial - 1 Month,RAZFCNCP03YUCX,Remote Access - 3 Years,APZFCNCP03YUCX,App Access - 3 Years,CAZFCNCP08YUCMX,Connected Access - 8 Years,EVZFCNCP08YUCMX,EV Access - 8 Years,,,,
ONBOARD_AS_NEW-US-PN-1GNKDL1P1S1079984,1GNKDL1P1S1079984,MC_WEBRNW,ONBOARD_AS_NEW,US,PN,,ONZFCNCP01MUSUL,OnStar One - Trial - 1 Month,BAZFCNCP08YUCX,OnStar Basics - 8 Years,EVZFCNCP08YUCMX,EV Access - 8 Years,CAZFCNCP08YUCMX,Connected Access - 8 Years,,,,,,
ONBOARD_AS_NEW-US-PN-1G6DN1116S1079982,1G6DN1116S1079982,MC_WEBRNW,ONBOARD_AS_NEW,US,PN,,ONSFCNCP01MUSUL,OnStar One - Trial - 1 Month,BAZFCNCP08YUCX,OnStar Basics - 8 Years,CAZFCNCP08YUCMX,Connected Access - 8 Years,,,,,,,,
ONBOARD_AS_NEW-US-PN-1G6DT1115S1079980,1G6DT1115S1079980,MC_WEBRNW,ONBOARD_AS_NEW,US,PN,,ONSFCNCP01MUSUL,OnStar One - Trial - 1 Month,BAZFCNCP08YUCX,OnStar Basics - 8 Years,CAZFCNCP08YUCMX,Connected Access - 8 Years,,,,,,,,
ONBOARD_AS_NEW-US-PN-1GN1RK115R10799C6,1GN1RK115R10799C6,MC_WEBRNW,ONBOARD_AS_NEW,US,PN,,ONSFCNCP01MUSUL,OnStar One - Trial - 1 Month,OSCFCNCP03YUCX,OnStar Super Cruise - 3 Years,CAZFCNCP08YUCMX,Connected Access - 8 Years,,,,,,,,
ONBOARD_AS_NEW-US-PN-3GP1HY1M6S10799C2,3GP1HY1M6S10799C2,HONDA_ADVISOR,ONBOARD_AS_NEW,US,PN,,IHUTRNCP03YUSUL,IHU Connectivity - 3 Years,SSFCNCP01MUCX,Safety & Security - Trial - 1 Month,RAZFCNCP03YUCX,Remote Access - 3 Years,APZFCNCP03YUCX,App Access - 3 Years,EVZFCNCP08YUCMX,EV Access - 8 Years,CAZFCNCP08YUCMX,Connected Access - 8 Years,,
ONBOARD_AS_NEW-US-PN-1GN1RG118R10799C0,1GN1RG118R10799C0,MC_WEBRNW,ONBOARD_AS_NEW,US,PN,,ONSFCNCP01MUSUL,OnStar One - Trial - 1 Month,OSCFCNCP03YUCX,OnStar Super Cruise - 3 Years,CAZFCNCP08YUCMX,Connected Access - 8 Years,,,,,,,,
ONBOARD_AS_NEW-US-PN-1G1FW1106S104F58A,1G1FW1106S104F58A,WEB,ONBOARD_AS_NEW,US,PN,,ONZFCNCP01MUSUL,OnStar One - Trial - 1 Month,BAZFCNCP08YUCX,OnStar Basics - 8 Years,CAZFCNCP08YUCMX,Connected Access - 8 Years,EVZFCNCP08YUCMX,EV Access - 8 Years,,,,,,
ONBOARD_AS_NEW-US-PN-1GKS2C1K6T10799BE,1GKS2C1K6T10799BE,MC_WEBRNW,ONBOARD_AS_NEW,US,PN,,PRFCNCP03YUCX,Premium Plan,DAZFCNCP03YUSUL,WiFi Connectivity - 3 Years,BAZFCNCP08YUCX,OnStar Basics - 8 Years,CAZFCNCP08YUCMX,Connected Access - 8 Years,,,,,,
ONBOARD_WITH_RTS-US-PN-5GAERA111S10799B8,5GAERA111S10799B8,WEB,ONBOARD_WITH_RTS,US,PN,,ONZFCNCP01MUSUL,OnStar One - Trial - 1 Month,BAZFCNCP08YUCX,OnStar Basics - 8 Years,CAZFCNCP08YUCMX,Connected Access - 8 Years,,,,,,,,
ONBOARD_AS_NEW-US-PN-1GN1RL11XR10799BC,1GN1RL11XR10799BC,MC_WEBRNW,ONBOARD_AS_NEW,US,PN,,ONSFCNCP01MUSUL,OnStar One - Trial - 1 Month,OSCFCNCP03YUCX,OnStar Super Cruise - 3 Years,CAZFCNCP08YUCMX,Connected Access - 8 Years,,,,,,,,
ONBOARD_AS_NEW-US-PN-1GNKDR1R8S107997A,1GNKDR1R8S107997A,MC_WEBRNW,ONBOARD_AS_NEW,US,PN,,ONZFCNCP01MUSUL,OnStar One - Trial - 1 Month,BAZFCNCP08YUCX,OnStar Basics - 8 Years,CAZFCNCP08YUCMX,Connected Access - 8 Years,EVZFCNCP08YUCMX,EV Access - 8 Years,,,,,,
ONBOARD_AS_NEW-US-PN-LRBFZL119R10799B6,LRBFZL119R10799B6,MC_WEBRNW,ONBOARD_AS_NEW,US,PN,,ONZFCNCP01MUSUL,OnStar One - Trial - 1 Month,CAZFCNCP08YUCMX,Connected Access - 8 Years,,,,,,,,,,
ONBOARD_AS_NEW-US-PN-1GNXDC1J9S10799AC,1GNXDC1J9S10799AC,MC_WEBRNW,ONBOARD_AS_NEW,US,PN,,ONZFCNCP01MUSUL,OnStar One - Trial - 1 Month,BAZFCNCP08YUCX,OnStar Basics - 8 Years,CAZFCNCP08YUCMX,Connected Access - 8 Years,EVZFCNCP08YUCMX,EV Access - 8 Years,,,,,,
ONBOARD_AS_NEW-US-PN-1GNXDE1J3S10799A8,1GNXDE1J3S10799A8,MC_WEBRNW,ONBOARD_AS_NEW,US,PN,,ONZFCNCP01MUSUL,OnStar One - Trial - 1 Month,BAZFCNCP08YUCX,OnStar Basics - 8 Years,EVZFCNCP08YUCMX,EV Access - 8 Years,CAZFCNCP08YUCMX,Connected Access - 8 Years,,,,,,
ONBOARD_AS_NEW-US-PN-1GNXDD1J3S10799A4,1GNXDD1J3S10799A4,MC_WEBRNW,ONBOARD_AS_NEW,US,PN,,ONZFCNCP01MUSUL,OnStar One - Trial - 1 Month,BAZFCNCP08YUCX,OnStar Basics - 8 Years,EVZFCNCP08YUCMX,EV Access - 8 Years,CAZFCNCP08YUCMX,Connected Access - 8 Years,,,,,,
ONBOARD_AS_NEW-US-PN-1GYKPM143S107996A,1GYKPM143S107996A,WEB,ONBOARD_AS_NEW,US,PN,,ONZFCNCP01MUSUL,OnStar One - Trial - 1 Month,BAZFCNCP08YUCX,OnStar Basics - 8 Years,CAZFCNCP08YUCMX,Connected Access - 8 Years,EVZFCNCP08YUCMX,EV Access - 8 Years,,,,,,
ONBOARD_AS_NEW-US-PN-1GNXDE1J2S10799A2,1GNXDE1J2S10799A2,MC_WEBRNW,ONBOARD_AS_NEW,US,PN,,ONZFCNCP01MUSUL,OnStar One - Trial - 1 Month,BAZFCNCP08YUCX,OnStar Basics - 8 Years,CAZFCNCP08YUCMX,Connected Access - 8 Years,EVZFCNCP08YUCMX,EV Access - 8 Years,,,,,,
ONBOARD_AS_NEW-US-PN-1GYKPP1L8R1079974,1GYKPP1L8R1079974,MC_WEBRNW,ONBOARD_AS_NEW,US,PN,,ONZFCNCP06MUSUL,OnStar One - Trial - 6 Months,EVZFCNCP08YUCMX,EV Access - 8 Years,CAZFCNCP08YUCMX,Connected Access - 8 Years,,,,,,,,
ONBOARD_AS_NEW-US-PN-1GNKDN1P0S1079972,1GNKDN1P0S1079972,MC_WEBRNW,ONBOARD_AS_NEW,US,PN,,ONZFCNCP01MUSUL,OnStar One - Trial - 1 Month,BAZFCNCP08YUCX,OnStar Basics - 8 Years,EVZFCNCP08YUCMX,EV Access - 8 Years,CAZFCNCP08YUCMX,Connected Access - 8 Years,,,,,,
ONBOARD_AS_NEW-US-PN-1GNXDE1JXS107999E,1GNXDE1JXS107999E,MC_WEBRNW,ONBOARD_AS_NEW,US,PN,,ONZFCNCP01MUSUL,OnStar One - Trial - 1 Month,BAZFCNCP08YUCX,OnStar Basics - 8 Years,CAZFCNCP08YUCMX,Connected Access - 8 Years,EVZFCNCP08YUCMX,EV Access - 8 Years,,,,,,
ONBOARD_AS_NEW-US-PN-1GYFZC145R107999C,1GYFZC145R107999C,MC_WEBRNW,ONBOARD_AS_NEW,US,PN,,ONZFCNCP06MUSUL,OnStar One - Trial - 6 Months,CAZFCNCP08YUCMX,Connected Access - 8 Years,,,,,,,,,,
ONBOARD_AS_NEW-US-PN-1GNXDG1J7S1079996,1GNXDG1J7S1079996,MC_WEBRNW,ONBOARD_AS_NEW,US,PN,,ONZFCNCP01MUSUL,OnStar One - Trial - 1 Month,BAZFCNCP08YUCX,OnStar Basics - 8 Years,CAZFCNCP08YUCMX,Connected Access - 8 Years,EVZFCNCP08YUCMX,EV Access - 8 Years,,,,,,
ONBOARD_AS_NEW-US-FL-1GBUK11L4S1079880,1GBUK11L4S1079880,MC_ADVSR,ONBOARD_AS_NEW,US,FL,,UAFLFC03MUSX,Unlimited Access - 3 Months,DAZFCNCP03MUSUL,WiFi Connectivity - 3 Months,SSFLFC03MUCX,OnStar Safety & Security - 3 Month,BAZFCNCP08YUCX,OnStar Basics - 8 Years,CAZFCNCP08YUCMX,Connected Access - 8 Years,,,,
ONBOARD_AS_NEW-US-FL-1GBPK118XS107987E,1GBPK118XS107987E,MC_ADVSR,ONBOARD_AS_NEW,US,FL,,UAFLFC03MUSX,Unlimited Access - 3 Months,DAZFCNCP03MUSUL,WiFi Connectivity - 3 Months,SSFLFC03MUCX,OnStar Safety & Security - 3 Month,BAZFCNCP08YUCX,OnStar Basics - 8 Years,CAZFCNCP08YUCMX,Connected Access - 8 Years,,,,
ONBOARD_AS_NEW-US-FL-1GCND11K5S107987C,1GCND11K5S107987C,MC_ADVSR,ONBOARD_AS_NEW,US,FL,,UAFLFC03MUSX,Unlimited Access - 3 Months,DAZFCNCP03MUSUL,WiFi Connectivity - 3 Months,SSFLFC03MUCX,OnStar Safety & Security - 3 Month,BAZFCNCP08YUCX,OnStar Basics - 8 Years,CAZFCNCP08YUCMX,Connected Access - 8 Years,,,,
ONBOARD_AS_NEW-US-FL-1GCNK11K4S107987A,1GCNK11K4S107987A,MC_ADVSR,ONBOARD_AS_NEW,US,FL,,UAFLFC03MUSX,Unlimited Access - 3 Months,DAZFCNCP03MUSUL,WiFi Connectivity - 3 Months,SSFLFC03MUCX,OnStar Safety & Security - 3 Month,BAZFCNCP08YUCX,OnStar Basics - 8 Years,CAZFCNCP08YUCMX,Connected Access - 8 Years,,,,
ONBOARD_AS_NEW-US-FL-1GBND11D7S1079878,1GBND11D7S1079878,MC_ADVSR,ONBOARD_AS_NEW,US,FL,,UAFLFC03MUSX,Unlimited Access - 3 Months,DAZFCNCP03MUSUL,WiFi Connectivity - 3 Months,SSFLFC03MUCX,OnStar Safety & Security - 3 Month,BAZFCNCP08YUCX,OnStar Basics - 8 Years,CAZFCNCP08YUCMX,Connected Access - 8 Years,,,,
ONBOARD_AS_NEW-US-FL-1GBVK11D6S1079876,1GBVK11D6S1079876,MC_ADVSR,ONBOARD_AS_NEW,US,FL,,UAFLFC03MUSX,Unlimited Access - 3 Months,DAZFCNCP03MUSUL,WiFi Connectivity - 3 Months,SSFLFC03MUCX,OnStar Safety & Security - 3 Month,BAZFCNCP08YUCX,OnStar Basics - 8 Years,CAZFCNCP08YUCMX,Connected Access - 8 Years,,,,
ONBOARD_AS_NEW-US-FL-1GCNK11L9S1079874,1GCNK11L9S1079874,MC_ADVSR,ONBOARD_AS_NEW,US,FL,,UAFLFC03MUSX,Unlimited Access - 3 Months,DAZFCNCP03MUSUL,WiFi Connectivity - 3 Months,SSFLFC03MUCX,OnStar Safety & Security - 3 Month,BAZFCNCP08YUCX,OnStar Basics - 8 Years,CAZFCNCP08YUCMX,Connected Access - 8 Years,,,,
ONBOARD_AS_NEW-US-FL-1GCNK1180S1079872,1GCNK1180S1079872,MC_ADVSR,ONBOARD_AS_NEW,US,FL,,UAFLFC03MUSX,Unlimited Access - 3 Months,DAZFCNCP03MUSUL,WiFi Connectivity - 3 Months,SSFLFC03MUCX,OnStar Safety & Security - 3 Month,BAZFCNCP08YUCX,OnStar Basics - 8 Years,CAZFCNCP08YUCMX,Connected Access - 8 Years,,,,
ONBOARD_AS_NEW-US-FL-1GBPK1180S1079870,1GBPK1180S1079870,MC_ADVSR,ONBOARD_AS_NEW,US,FL,,UAFLFC03MUSX,Unlimited Access - 3 Months,DAZFCNCP03MUSUL,WiFi Connectivity - 3 Months,SSFLFC03MUCX,OnStar Safety & Security - 3 Month,BAZFCNCP08YUCX,OnStar Basics - 8 Years,CAZFCNCP08YUCMX,Connected Access - 8 Years,,,,
ONBOARD_AS_NEW-US-FL-1GBUK11D7S107986E,1GBUK11D7S107986E,MC_ADVSR,ONBOARD_AS_NEW,US,FL,,UAFLFC03MUSX,Unlimited Access - 3 Months,DAZFCNCP03MUSUL,WiFi Connectivity - 3 Months,SSFLFC03MUCX,OnStar Safety & Security - 3 Month,BAZFCNCP08YUCX,OnStar Basics - 8 Years,CAZFCNCP08YUCMX,Connected Access - 8 Years,,,,
ONBOARD_AS_NEW-US-FL-1GYTEC1K9T1079788,1GYTEC1K9T1079788,MC_ADVSR,ONBOARD_AS_NEW,US,FL,,OCPFCNCP03MUSUL,OnStar Connect Plus - Trial - 3 Months,DAZFCNCP03MUSUL,WiFi Connectivity - 3 Months,OPRFCNCP03MUCX,OnStar Protect - 3 Months,BAZFCNCP08YUCX,OnStar Basics - 8 Years,CAZFCNCP08YUCMX,Connected Access - 8 Years,EVZFCNCP08YUCMX,EV Access - 8 Years,,
ONBOARD_AS_NEW-US-FL-1GYTEE1K0T1079786,1GYTEE1K0T1079786,MC_ADVSR,ONBOARD_AS_NEW,US,FL,,OCPFCNCP03MUSUL,OnStar Connect Plus - Trial - 3 Months,DAZFCNCP03MUSUL,WiFi Connectivity - 3 Months,OPRFCNCP03MUCX,OnStar Protect - 3 Months,BAZFCNCP08YUCX,OnStar Basics - 8 Years,EVZFCNCP08YUCMX,EV Access - 8 Years,CAZFCNCP08YUCMX,Connected Access - 8 Years,,
ONBOARD_AS_NEW-US-FL-1GYTED1L3T1079784,1GYTED1L3T1079784,MC_ADVSR,ONBOARD_AS_NEW,US,FL,,OCPFCNCP03MUSUL,OnStar Connect Plus - Trial - 3 Months,DAZFCNCP03MUSUL,WiFi Connectivity - 3 Months,OPRFCNCP03MUCX,OnStar Protect - 3 Months,BAZFCNCP08YUCX,OnStar Basics - 8 Years,CAZFCNCP08YUCMX,Connected Access - 8 Years,EVZFCNCP08YUCMX,EV Access - 8 Years,,
ONBOARD_AS_NEW-US-FL-1GYTEC1K8T1079782,1GYTEC1K8T1079782,MC_ADVSR,ONBOARD_AS_NEW,US,FL,,OCPFCNCP03MUSUL,OnStar Connect Plus - Trial - 3 Months,DAZFCNCP03MUSUL,WiFi Connectivity - 3 Months,OPRFCNCP03MUCX,OnStar Protect - 3 Months,BAZFCNCP08YUCX,OnStar Basics - 8 Years,CAZFCNCP08YUCMX,Connected Access - 8 Years,EVZFCNCP08YUCMX,EV Access - 8 Years,,
ONBOARD_AS_NEW-US-FL-1GYTEC1K4T1079780,1GYTEC1K4T1079780,MC_ADVSR,ONBOARD_AS_NEW,US,FL,,OCPFCNCP03MUSUL,OnStar Connect Plus - Trial - 3 Months,DAZFCNCP03MUSUL,WiFi Connectivity - 3 Months,OPRFCNCP03MUCX,OnStar Protect - 3 Months,BAZFCNCP08YUCX,OnStar Basics - 8 Years,CAZFCNCP08YUCMX,Connected Access - 8 Years,EVZFCNCP08YUCMX,EV Access - 8 Years,,
ONBOARD_AS_NEW-US-DD-1GYKPW120S10797B0,1GYKPW120S10797B0,MC_WEBRNW,ONBOARD_AS_NEW,US,DD,,ONZDDNCP04MUSUL,OnStar One - 4 Months,EVZFCNCP08YUCMX,EV Access - 8 Years,CAGWNCP18MUCX,Connected Access - 18 Months,,,,,,,,
ONBOARD_AS_NEW-US-DD-1GYKP3140S10797D8,1GYKP3140S10797D8,MC_WEBRNW,ONBOARD_AS_NEW,US,DD,,ONZDDNCP04MUSUL,OnStar One - 4 Months,EVZFCNCP08YUCMX,EV Access - 8 Years,CAGWNCP18MUCX,Connected Access - 18 Months,,,,,,,,
ONBOARD_AS_NEW-US-DD-1GN1RK114R1079748,1GN1RK114R1079748,MC_WEBRNW,ONBOARD_AS_NEW,US,DD,,ONSDDNCP18MUSUL,OnStar One - 18 Months,CAGWNCP18MUCX,Connected Access - 18 Months,,,,,,,,,,
ONBOARD_AS_NEW-US-DD-1GC1RG113R1079746,1GC1RG113R1079746,MC_WEBRNW,ONBOARD_AS_NEW,US,DD,,ONSDDNCP04MUSUL,OnStar One - 4 Months,CAGWNCP18MUCX,Connected Access - 18 Months,,,,,,,,,,
ONBOARD_AS_NEW-US-BN-1GYAZE140R10799A0,1GYAZE140R10799A0,MC_WEBRNW,ONBOARD_AS_NEW,US,BN,,ONZFCNCP06MUSUL,OnStar One - Trial - 6 Months,CAZFCNCP08YUCMX,Connected Access - 8 Years,,,,,,,,,,
ONBOARD_AS_NEW-US-BN-1GYFZE145R10798C0,1GYFZE145R10798C0,MC_WEBRNW,ONBOARD_AS_NEW,US,BN,,ONZFCNCP06MUSUL,OnStar One - Trial - 6 Months,CAZFCNCP08YUCMX,Connected Access - 8 Years,,,,,,,,,,
ONBOARD_AS_NEW-US-BN-1GC1RG111R107974E,1GC1RG111R107974E,MC_WEBRNW,ONBOARD_AS_NEW,US,BN,,ONSFCNCP01MUSUL,OnStar One - Trial - 1 Month,OSCFCNCP03YUCX,OnStar Super Cruise - 3 Years,CAZFCNCP08YUCMX,Connected Access - 8 Years,,,,,,,,
ONBOARD_AS_NEW-US-BN-1GN1RE11XR107974A,1GN1RE11XR107974A,MC_WEBRNW,ONBOARD_AS_NEW,US,BN,,ONSFCNCP01MUSUL,OnStar One - Trial - 1 Month,OSCFCNCP03YUCX,OnStar Super Cruise - 3 Years,CAZFCNCP08YUCMX,Connected Access - 8 Years,,,,,,,,
ONBOARD_AS_NEW-CA-PN-3GP1HV1M7S10799E4,3GP1HV1M7S10799E4,HONDA_ADVISOR,ONBOARD_AS_NEW,CA,PN,,IHUTRNCP03YCAUL,IHU Connectivity - 3 Years,SSFCNCP01MUCX,Safety & Security - Trial - 1 Month,RAZFCNCP03YUCX,Remote Access - 3 Years,APZFCNCP03YUCX,App Access - 3 Years,CAZFCNCP08YUCMX,Connected Access - 8 Years,EVZFCNCP08YUCMX,EV Access - 8 Years,,
ONBOARD_AS_NEW-CA-PN-LRBAZN118R10799C8,LRBAZN118R10799C8,MC_WEBRNW,ONBOARD_AS_NEW,CA,PN,,ONZFCNCP01MCALM,OnStar One - Trial - 1 Month,DAFCNCP01MCA3G,3GB WiFi Connectivity - Trial - 1 Month,CAZFCNCP08YUCMX,Connected Access - 8 Years,,,,,,,,
ONBOARD_AS_NEW-CA-PN-3GP1HX1JXS10799B0,3GP1HX1JXS10799B0,HONDA_ADVISOR,ONBOARD_AS_NEW,CA,PN,,IHUTRNCP03YCAUL,IHU Connectivity - 3 Years,SSFCNCP01MUCX,Safety & Security - Trial - 1 Month,RAZFCNCP03YUCX,Remote Access - 3 Years,APZFCNCP03YUCX,App Access - 3 Years,CAZFCNCP08YUCMX,Connected Access - 8 Years,EVZFCNCP08YUCMX,EV Access - 8 Years,,
ONBOARD_AS_NEW-CA-PN-3GP1HU1M5S1079994,3GP1HU1M5S1079994,HONDA_ADVISOR,ONBOARD_AS_NEW,CA,PN,,IHUTRNCP03YCAUL,IHU Connectivity - 3 Years,SSFCNCP01MUCX,Safety & Security - Trial - 1 Month,RAZFCNCP03YUCX,Remote Access - 3 Years,APZFCNCP03YUCX,App Access - 3 Years,EVZFCNCP08YUCMX,EV Access - 8 Years,CAZFCNCP08YUCMX,Connected Access - 8 Years,,
ONBOARD_AS_NEW-CA-PN-1GYKPU144R107996C,1GYKPU144R107996C,MC_WEBRNW,ONBOARD_AS_NEW,CA,PN,,PRFCNCP03YUCX,Premium Plan,ONSFCNCP36MCALM,OnStar One Super Cruise - 3 Years,DAZFCNCP03YCA180G,180GB WiFi Connectivity - 3 Years,EVZFCNCP08YUCMX,EV Access - 8 Years,CAZFCNCP08YUCMX,Connected Access - 8 Years,,,,
ONBOARD_AS_NEW-CA-PN-1GYFZE142R1079946,1GYFZE142R1079946,MC_WEBRNW,ONBOARD_AS_NEW,CA,PN,,ONZFCNCP06MCALM,OnStar One - Trial - 6 Months,DAFCNCP06MCA12G,12GB WiFi Connectivity - Trial - 6 Months,CAZFCNCP08YUCMX,Connected Access - 8 Years,,,,,,,,
ONBOARD_AS_NEW-CA-PN-LRBFZL117R10798E8,LRBFZL117R10798E8,MC_WEBRNW,ONBOARD_AS_NEW,CA,PN,,ONZFCNCP01MCALM,OnStar One - Trial - 1 Month,DAFCNCP01MCA3G,3GB WiFi Connectivity - Trial - 1 Month,CAZFCNCP08YUCMX,Connected Access - 8 Years,,,,,,,,
ONBOARD_AS_NEW-CA-PN-LRBAZR110R10798AC,LRBAZR110R10798AC,MC_WEBRNW,ONBOARD_AS_NEW,CA,PN,,ONZFCNCP01MCALM,OnStar One - Trial - 1 Month,DAFCNCP01MCA3G,3GB WiFi Connectivity - Trial - 1 Month,CAZFCNCP08YUCMX,Connected Access - 8 Years,,,,,,,,
ONBOARD_AS_NEW-CA-PN-LRBAZN111R1079862,LRBAZN111R1079862,MC_WEBRNW,ONBOARD_AS_NEW,CA,PN,,ONZFCNCP01MCALM,OnStar One - Trial - 1 Month,DAFCNCP01MCA3G,3GB WiFi Connectivity - Trial - 1 Month,CAZFCNCP08YUCMX,Connected Access - 8 Years,,,,,,,,
ONBOARD_AS_NEW-CA-PN-5GAERC11XS1079826,5GAERC11XS1079826,MC_WEBRNW,ONBOARD_AS_NEW,CA,PN,,ONZFCNCP01MCALM,OnStar One - Trial - 1 Month,DAFCNCP01MCA3G,3GB WiFi Connectivity - Trial - 1 Month,IHUTRNCP08YCAUL,IHU Connectivity - 8 Years,BAZFCNCP08YUCX,OnStar Basics - 8 Years,CAZFCNCP08YUCMX,Connected Access - 8 Years,,,,
ONBOARD_AS_NEW-CA-FL-5GAERA115S10797BC,5GAERA115S10797BC,WEB,ONBOARD_AS_NEW,CA,FL,,IHUTRNCP08YCAUL,IHU Connectivity - 8 Years,DAZFCNCP03MCALMA,WiFi Connectivity - 3 Months,SSFLFC03MUCX,OnStar Safety & Security - 3 Month,BAZFCNCP08YUCX,OnStar Basics - 8 Years,PAFLFC03MCAX,Premium Access - 3 Months,CAZFCNCP08YUCMX,Connected Access - 8 Years,,
ONBOARD_AS_NEW-CA-FL-5GAERC113S107978A,5GAERC113S107978A,WEB,ONBOARD_AS_NEW,CA,FL,,DAZFCNCP03MCALMA,WiFi Connectivity - 3 Months,IHUTRNCP08YCAUL,IHU Connectivity - 8 Years,SSFLFC03MUCX,OnStar Safety & Security - 3 Month,BAZFCNCP08YUCX,OnStar Basics - 8 Years,CAZFCNCP08YUCMX,Connected Access - 8 Years,PAFLFC03MCAX,Premium Access - 3 Months,,
ONBOARD_AS_NEW-CA-BN-1GYFZC14XS1079736,1GYFZC14XS1079736,WEB,ONBOARD_AS_NEW,CA,BN,,ONZFCNCP01MCALM,OnStar One - Trial - 1 Month,IHUTRNCP08YCAUL,IHU Connectivity - 8 Years,DAFCNCP01MCA3G,3GB WiFi Connectivity - Trial - 1 Month,BAZFCNCP08YUCX,OnStar Basics - 8 Years,CAZFCNCP08YUCMX,Connected Access - 8 Years,,,,
ONBOARD_AS_NEW-CA-RN-1GN1RN113R1079760,1GN1RN113R1079760,MC_WEBRNW,ONBOARD_AS_NEW,CA,RN,,SSFLFC03MUCX,OnStar Safety & Security - 3 Month,CAZFCNCP08YUCMX,Connected Access - 8 Years,,,,,,,,,,
ONBOARD_AS_NEW-MX-PN-LZWWLNGP0V10799CA,LZWWLNGP0V10799CA,WEB,ONBOARD_AS_NEW,MX,PN,,BAZFCNCP08YMXX,OnStar Basics - 8 Years,CAZFCNCP08YUCMX,Connected Access - 8 Years,,,,,,,,,,
ONBOARD_AS_NEW-MX-PN-1GTPU91D6R107995A,1GTPU91D6R107995A,MC_WEBRNW,ONBOARD_AS_NEW,MX,PN,,DT3G3MMXINV,3GB WiFi Connectivity - Trial - 3 Months,CAZFCNCP08YUCMX,Connected Access - 8 Years,EBZFCNCP03MMXX,Essentials  - 3 Months,,,,,,,,
ONBOARD_AS_NEW-MX-PN-1G1Y92149S10798F0,1G1Y92149S10798F0,MC_WEBRNW,ONBOARD_AS_NEW,MX,PN,,DA3PNCP01YMXUL,Unlimited WiFi Connectivity - 25GB 1 Year,EBZFCNCP01YMXX,Essentials  - 1 Year,CAZFCNCP08YUCMX,Connected Access - 8 Years,,,,,,,,
ONBOARD_AS_NEW-MX-PN-1GN1D91M6R10798C4,1GN1D91M6R10798C4,MC_WEBRNW,ONBOARD_AS_NEW,MX,PN,,DA3PNCP01YMXUL,Unlimited WiFi Connectivity - 25GB 1 Year,EVZFCNCP08YUCMX,EV Access - 8 Years,EBZFCNCP01YMXX,Essentials  - 1 Year,CAZFCNCP08YUCMX,Connected Access - 8 Years,,,,,,
ONBOARD_AS_NEW-MX-PN-1GY1P81K5R10798D4,1GY1P81K5R10798D4,MC_WEBRNW,ONBOARD_AS_NEW,MX,PN,,DT3G3MMXINV,3GB WiFi Connectivity - Trial - 3 Months,EVZFCNCP08YUCMX,EV Access - 8 Years,CAZFCNCP08YUCMX,Connected Access - 8 Years,EBZFCNCP03MMXX,Essentials  - 3 Months,,,,,,
ONBOARD_AS_NEW-MX-PN-1G1Y92147S10798AA,1G1Y92147S10798AA,MC_WEBRNW,ONBOARD_AS_NEW,MX,PN,,DA3PNCP01YMXUL,Unlimited WiFi Connectivity - 25GB 1 Year,CAZFCNCP08YUCMX,Connected Access - 8 Years,EBZFCNCP01YMXX,Essentials  - 1 Year,,,,,,,,
ONBOARD_AS_NEW-MX-PN-1GN1D91M8R10798A8,1GN1D91M8R10798A8,MC_WEBRNW,ONBOARD_AS_NEW,MX,PN,,DA3PNCP01YMXUL,Unlimited WiFi Connectivity - 25GB 1 Year,EBZFCNCP01YMXX,Essentials  - 1 Year,CAZFCNCP08YUCMX,Connected Access - 8 Years,EVZFCNCP08YUCMX,EV Access - 8 Years,,,,,,
ONBOARD_AS_NEW-MX-PN-1G1Y92141S1079884,1G1Y92141S1079884,MC_WEBRNW,ONBOARD_AS_NEW,MX,PN,,DA3PNCP01YMXUL,Unlimited WiFi Connectivity - 25GB 1 Year,EBZFCNCP01YMXX,Essentials  - 1 Year,CAZFCNCP08YUCMX,Connected Access - 8 Years,,,,,,,,
ONBOARD_AS_NEW-MX-PN-1G1Y92145T1079842,1G1Y92145T1079842,WEB,ONBOARD_AS_NEW,MX,PN,,DA3PNCP01YMXUL,Unlimited WiFi Connectivity - 25GB 1 Year,EBZFCNCP01YMXX,Essentials  - 1 Year,CAZFCNCP08YUCMX,Connected Access - 8 Years,,,,,,,,
ONBOARD_AS_NEW-MX-PN-1G1Y92141T1079840,1G1Y92141T1079840,WEB,ONBOARD_AS_NEW,MX,PN,,DA3PNCP01YMXUL,Unlimited WiFi Connectivity - 25GB 1 Year,EBZFCNCP01YMXX,Essentials  - 1 Year,CAZFCNCP08YUCMX,Connected Access - 8 Years,,,,,,,,
ONBOARD_AS_NEW-MX-FL-1GYTE81L9S107970A,1GYTE81L9S107970A,MC_WEBRNW,ONBOARD_AS_NEW,MX,FL,,DT3G3MMXINV,3GB WiFi Connectivity - Trial - 3 Months,EBZFLNCP03MMXX,Essentials - 3 Months,EBZFCNCP03MMXX,Essentials  - 3 Months,CAZFCNCP08YUCMX,Connected Access - 8 Years,EVZFCNCP08YUCMX,EV Access - 8 Years,,,,
ONBOARD_AS_NEW-MX-FL-1GKSE81T7S1079704,1GKSE81T7S1079704,MC_WEBRNW,ONBOARD_AS_NEW,MX,FL,,CAZFCNCP08YUCMX,Connected Access - 8 Years,EBZFCNCP03MMXX,Essentials  - 3 Months,,,,,,,,,,
ONBOARD_AS_NEW-MX-FL-1GN1R9111R1079764,1GN1R9111R1079764,MC_WEBRNW,ONBOARD_AS_NEW,MX,FL,,DA3PNCP01YMXUL,Unlimited WiFi Connectivity - 25GB 1 Year,CAZFCNCP08YUCMX,Connected Access - 8 Years,EBZFLNCP03MMXX,Essentials - 3 Months,EBZFCNCP01YMXX,Essentials  - 1 Year,,,,,,
ONBOARD_AS_NEW-US-CV-1G6DW1119S107997C,1G6DW1119S107997C,MC_WEBRNW,ONBOARD_AS_NEW,US,CV,,ONSCVNCP36MUSUL,OnStar One - 3 Years,CAZFCNCP08YUCMX,Connected Access - 8 Years,,,,,,,,,,
ONBOARD_AS_NEW-US-CV-1G1YC2117S1079766,1G1YC2117S1079766,MC_WEBRNW,ONBOARD_AS_NEW,US,CV,,ONZCVNCP36MUSUL,OnStar One - 3 Years,CAZFCNCP08YUCMX,Connected Access - 8 Years,,,,,,,,,,
ONBOARD_AS_NEW-US-PN-1GNKDF1J7S1079968,1GNKDF1J7S1079968,MC_WEBRNW,ONBOARD_AS_NEW,US,PN,,ONZFCNCP01MUSUL,OnStar One - Trial - 1 Month,BAZFCNCP08YUCX,OnStar Basics - 8 Years,CAZFCNCP08YUCMX,Connected Access - 8 Years,EVZFCNCP08YUCMX,EV Access - 8 Years,,,,,,
ONBOARD_AS_NEW-US-PN-1GNXDF1J7S1079992,1GNXDF1J7S1079992,MC_WEBRNW,ONBOARD_AS_NEW,US,PN,,ONZFCNCP01MUSUL,OnStar One - Trial - 1 Month,BAZFCNCP08YUCX,OnStar Basics - 8 Years,EVZFCNCP08YUCMX,EV Access - 8 Years,CAZFCNCP08YUCMX,Connected Access - 8 Years,,,,,,
ONBOARD_AS_NEW-US-PN-1GNKDC1J1S1079964,1GNKDC1J1S1079964,MC_WEBRNW,ONBOARD_AS_NEW,US,PN,,ONZFCNCP01MUSUL,OnStar One - Trial - 1 Month,BAZFCNCP08YUCX,OnStar Basics - 8 Years,EVZFCNCP08YUCMX,EV Access - 8 Years,CAZFCNCP08YUCMX,Connected Access - 8 Years,,,,,,
ONBOARD_AS_NEW-US-PN-1G1FY110XT1079966,1G1FY110XT1079966,MC_WEBRNW,ONBOARD_AS_NEW,US,PN,,ONZFCNCP01MUSUL,OnStar One - Trial - 1 Month,BAZFCNCP08YUCX,OnStar Basics - 8 Years,CAZFCNCP08YUCMX,Connected Access - 8 Years,EVZFCNCP08YUCMX,EV Access - 8 Years,,,,,,
ONBOARD_AS_NEW-US-PN-1G1FX1103S104F58C,1G1FX1103S104F58C,WEB,ONBOARD_AS_NEW,US,PN,,ONZFCNCP01MUSUL,OnStar One - Trial - 1 Month,BAZFCNCP08YUCX,OnStar Basics - 8 Years,CAZFCNCP08YUCMX,Connected Access - 8 Years,EVZFCNCP08YUCMX,EV Access - 8 Years,,,,,,
ONBOARD_AS_NEW-US-PN-LRBFZL115P1079970,LRBFZL115P1079970,MC_WEBRNW,ONBOARD_AS_NEW,US,PN,,ONZFCNCP01MUSUL,OnStar One - Trial - 1 Month,CAZFCNCP08YUCMX,Connected Access - 8 Years,,,,,,,,,,
ONBOARD_AS_NEW-US-PN-1GNKDL1P8S107996E,1GNKDL1P8S107996E,MC_WEBRNW,ONBOARD_AS_NEW,US,PN,,ONZFCNCP01MUSUL,OnStar One - Trial - 1 Month,BAZFCNCP08YUCX,OnStar Basics - 8 Years,CAZFCNCP08YUCMX,Connected Access - 8 Years,EVZFCNCP08YUCMX,EV Access - 8 Years,,,,,,
ONBOARD_AS_NEW-US-PN-1G6D11112S1079960,1G6D11112S1079960,MC_WEBRNW,ONBOARD_AS_NEW,US,PN,,ONZFCNCP01MUSUL,OnStar One - Trial - 1 Month,BAZFCNCP08YUCX,OnStar Basics - 8 Years,CAZFCNCP08YUCMX,Connected Access - 8 Years,,,,,,,,
ONBOARD_AS_NEW-US-PN-1GNXDH1J7S107995E,1GNXDH1J7S107995E,MC_WEBRNW,ONBOARD_AS_NEW,US,PN,,ONZFCNCP01MUSUL,OnStar One - Trial - 1 Month,BAZFCNCP08YUCX,OnStar Basics - 8 Years,CAZFCNCP08YUCMX,Connected Access - 8 Years,EVZFCNCP08YUCMX,EV Access - 8 Years,,,,,,
ONBOARD_AS_NEW-US-PN-1GNXDD1J2S107995C,1GNXDD1J2S107995C,MC_WEBRNW,ONBOARD_AS_NEW,US,PN,,ONZFCNCP01MUSUL,OnStar One - Trial - 1 Month,BAZFCNCP08YUCX,OnStar Basics - 8 Years,CAZFCNCP08YUCMX,Connected Access - 8 Years,EVZFCNCP08YUCMX,EV Access - 8 Years,,,,,,
ONBOARD_AS_NEW-US-PN-1GNXDH1J2S1079958,1GNXDH1J2S1079958,MC_WEBRNW,ONBOARD_AS_NEW,US,PN,,ONZFCNCP01MUSUL,OnStar One - Trial - 1 Month,BAZFCNCP08YUCX,OnStar Basics - 8 Years,EVZFCNCP08YUCMX,EV Access - 8 Years,CAZFCNCP08YUCMX,Connected Access - 8 Years,,,,,,
ONBOARD_AS_NEW-US-PN-3GP1HZ1J4S1079956,3GP1HZ1J4S1079956,HONDA_ADVISOR,ONBOARD_AS_NEW,US,PN,,IHUTRNCP03YUSUL,IHU Connectivity - 3 Years,SSFCNCP01MUCX,Safety & Security - Trial - 1 Month,RAZFCNCP03YUCX,Remote Access - 3 Years,APZFCNCP03YUCX,App Access - 3 Years,CAZFCNCP08YUCMX,Connected Access - 8 Years,EVZFCNCP08YUCMX,EV Access - 8 Years,,
ONBOARD_AS_NEW-US-PN-1GNXDC1J8S1079952,1GNXDC1J8S1079952,MC_WEBRNW,ONBOARD_AS_NEW,US,PN,,ONZFCNCP01MUSUL,OnStar One - Trial - 1 Month,BAZFCNCP08YUCX,OnStar Basics - 8 Years,CAZFCNCP08YUCMX,Connected Access - 8 Years,EVZFCNCP08YUCMX,EV Access - 8 Years,,,,,,
ONBOARD_AS_NEW-US-PN-1GYFZC149S1079954,1GYFZC149S1079954,MC_WEBRNW,ONBOARD_AS_NEW,US,PN,,ONZFCNCP01MUSUL,OnStar One - Trial - 1 Month,BAZFCNCP08YUCX,OnStar Basics - 8 Years,CAZFCNCP08YUCMX,Connected Access - 8 Years,,,,,,,,
ONBOARD_AS_NEW-US-PN-1GNKD11J6S1079950,1GNKD11J6S1079950,MC_WEBRNW,ONBOARD_AS_NEW,US,PN,,ONZFCNCP01MUSUL,OnStar One - Trial - 1 Month,BAZFCNCP08YUCX,OnStar Basics - 8 Years,CAZFCNCP08YUCMX,Connected Access - 8 Years,EVZFCNCP08YUCMX,EV Access - 8 Years,,,,,,
ONBOARD_AS_NEW-US-PN-1GNXDG1J1S107994E,1GNXDG1J1S107994E,MC_WEBRNW,ONBOARD_AS_NEW,US,PN,,ONZFCNCP01MUSUL,OnStar One - Trial - 1 Month,BAZFCNCP08YUCX,OnStar Basics - 8 Years,EVZFCNCP08YUCMX,EV Access - 8 Years,CAZFCNCP08YUCMX,Connected Access - 8 Years,,,,,,
ONBOARD_AS_NEW-US-PN-3GP1HX1M4S107994A,3GP1HX1M4S107994A,HONDA_ADVISOR,ONBOARD_AS_NEW,US,PN,,IHUTRNCP03YUSUL,IHU Connectivity - 3 Years,SSFCNCP01MUCX,Safety & Security - Trial - 1 Month,RAZFCNCP03YUCX,Remote Access - 3 Years,APZFCNCP03YUCX,App Access - 3 Years,CAZFCNCP08YUCMX,Connected Access - 8 Years,EVZFCNCP08YUCMX,EV Access - 8 Years,,
ONBOARD_AS_NEW-US-PN-1GNKDH1J8S107994C,1GNKDH1J8S107994C,MC_WEBRNW,ONBOARD_AS_NEW,US,PN,,ONZFCNCP01MUSUL,OnStar One - Trial - 1 Month,BAZFCNCP08YUCX,OnStar Basics - 8 Years,CAZFCNCP08YUCMX,Connected Access - 8 Years,EVZFCNCP08YUCMX,EV Access - 8 Years,,,,,,
